idx,entry_time,exit_time,side,entry_price,exit_price,pips_gross,pips_net,exit_reason,bars_held
1,2021-01-11 00:00,2021-01-11 06:00,LONG,1.21869,1.21899,3.0,2.5,REVERT,7
2,2021-01-12 22:00,2021-01-13 04:00,SHORT,1.22064,1.22085,-2.1,-2.6,REVERT,7
3,2021-01-19 02:00,2021-01-19 07:00,SHORT,1.20932,1.21055,-12.3,-12.8,STOP,6
4,2021-01-25 06:00,2021-01-25 08:00,SHORT,1.21805,1.21731,7.4,6.9,REVERT,3
5,2021-02-09 03:00,2021-02-09 09:00,SHORT,1.20797,1.20989,-19.2,-19.7,STOP,7
6,2021-02-16 02:00,2021-02-16 03:00,SHORT,1.21427,1.21492,-6.5,-7.0,STOP,2
7,2021-02-16 04:00,2021-02-16 04:00,SHORT,1.21464,1.21395,6.9,6.4,REVERT,1
8,2021-03-02 03:00,2021-03-02 07:00,LONG,1.20211,1.20056,-15.5,-16.0,STOP,5
9,2021-03-16 05:00,2021-03-16 06:00,SHORT,1.19375,1.19294,8.1,7.6,REVERT,2
10,2021-03-17 22:00,2021-03-18 01:00,SHORT,1.19800,1.19690,11.0,10.5,REVERT,4
11,2021-04-05 06:00,2021-04-05 10:00,LONG,1.17494,1.17398,-9.6,-10.1,STOP,5
12,2021-04-13 05:00,2021-04-13 07:00,LONG,1.18874,1.19036,16.2,15.7,REVERT,3
13,2021-04-16 03:00,2021-04-16 04:00,LONG,1.19511,1.19632,12.1,11.6,REVERT,2
14,2021-04-19 01:00,2021-04-19 01:00,LONG,1.19614,1.19509,-10.5,-11.0,STOP,1
15,2021-04-19 02:00,2021-04-19 05:00,LONG,1.19441,1.19666,22.5,22.0,REVERT,4
16,2021-04-20 03:00,2021-04-20 03:00,SHORT,1.20546,1.20669,-12.3,-12.8,STOP,1
17,2021-04-20 04:00,2021-04-20 09:00,SHORT,1.20666,1.20578,8.8,8.3,REVERT,6
18,2021-04-27 03:00,2021-04-27 05:00,LONG,1.20655,1.20754,9.9,9.4,REVERT,3
19,2021-05-10 22:00,2021-05-11 02:00,LONG,1.21314,1.21452,13.8,13.3,REVERT,5
20,2021-05-12 03:00,2021-05-12 06:00,LONG,1.21245,1.21315,7.0,6.5,REVERT,4
21,2021-05-14 06:00,2021-05-14 06:00,SHORT,1.20965,1.21085,-12.0,-12.5,STOP,1
22,2021-05-19 06:00,2021-05-19 07:00,SHORT,1.22393,1.22211,18.2,17.7,REVERT,2
23,2021-05-28 06:00,2021-05-28 07:00,LONG,1.21771,1.21880,10.9,10.4,REVERT,2
24,2021-06-11 02:00,2021-06-11 06:00,SHORT,1.21868,1.21834,3.4,2.9,REVERT,5
25,2021-06-15 06:00,2021-06-15 06:00,SHORT,1.21278,1.21319,-4.1,-4.6,STOP,1
26,2021-06-16 22:00,2021-06-17 04:00,LONG,1.19931,1.20008,7.7,7.2,REVERT,7
27,2021-07-06 06:00,2021-07-06 06:00,SHORT,1.18825,1.18911,-8.6,-9.1,STOP,1
28,2021-07-26 06:00,2021-07-26 06:00,SHORT,1.17831,1.17720,11.1,10.6,REVERT,1
29,2021-08-19 01:00,2021-08-19 03:00,LONG,1.16872,1.16740,-13.2,-13.7,STOP,3
30,2021-08-19 04:00,2021-08-19 07:00,LONG,1.16753,1.16826,7.3,6.8,REVERT,4
31,2021-08-23 02:00,2021-08-23 08:00,SHORT,1.17133,1.17315,-18.2,-18.7,STOP,7
32,2021-08-31 04:00,2021-08-31 06:00,SHORT,1.18194,1.18293,-9.9,-10.4,STOP,3
33,2021-09-07 01:00,2021-09-07 04:00,SHORT,1.18792,1.18752,4.0,3.5,REVERT,4
34,2021-09-21 02:00,2021-09-21 04:00,SHORT,1.17388,1.17317,7.1,6.6,REVERT,3
35,2021-10-05 04:00,2021-10-05 09:00,LONG,1.15988,1.16032,4.4,3.9,REVERT,6
36,2021-10-06 05:00,2021-10-06 06:00,LONG,1.15846,1.15764,-8.2,-8.7,STOP,2
37,2021-10-08 05:00,2021-10-08 05:00,LONG,1.15483,1.15424,-5.9,-6.4,STOP,1
38,2021-10-08 06:00,2021-10-08 08:00,LONG,1.15420,1.15535,11.5,11.0,REVERT,3
39,2021-10-18 01:00,2021-10-18 06:00,LONG,1.15840,1.15732,-10.8,-11.3,STOP,6
40,2021-10-19 02:00,2021-10-19 06:00,SHORT,1.16339,1.16556,-21.7,-22.2,STOP,5
41,2021-10-25 04:00,2021-10-25 06:00,SHORT,1.16637,1.16447,19.0,18.5,REVERT,3
42,2021-11-03 22:00,2021-11-04 01:00,SHORT,1.16126,1.16035,9.1,8.6,REVERT,4
43,2021-11-15 02:00,2021-11-15 07:00,SHORT,1.14597,1.14501,9.6,9.1,REVERT,6
44,2021-11-17 04:00,2021-11-17 08:00,LONG,1.12886,1.13173,28.7,28.2,REVERT,5
45,2021-11-18 03:00,2021-11-18 04:00,SHORT,1.13340,1.13251,8.9,8.4,REVERT,2
46,2021-12-15 22:00,2021-12-16 00:00,SHORT,1.12909,1.12829,8.0,7.5,REVERT,3
47,2022-01-14 06:00,2022-01-14 06:00,SHORT,1.14790,1.14697,9.3,8.8,REVERT,1
48,2022-01-18 04:00,2022-01-18 04:00,LONG,1.13924,1.14015,9.1,8.6,REVERT,1
49,2022-01-20 02:00,2022-01-20 04:00,SHORT,1.13598,1.13505,9.3,8.8,REVERT,3
50,2022-01-24 04:00,2022-01-24 05:00,LONG,1.13287,1.13202,-8.5,-9.0,STOP,2
51,2022-01-24 06:00,2022-01-24 11:00,LONG,1.13181,1.13065,-11.6,-12.1,STOP,6
52,2022-01-26 22:00,2022-01-27 05:00,LONG,1.12408,1.12199,-20.9,-21.4,MAXHOLD,8
53,2022-02-17 04:00,2022-02-17 06:00,LONG,1.13367,1.13602,23.5,23.0,REVERT,3
54,2022-02-24 01:00,2022-02-24 03:00,LONG,1.12763,1.12455,-30.8,-31.3,STOP,3
55,2022-02-24 04:00,2022-02-24 10:00,LONG,1.12379,1.11939,-44.0,-44.5,STOP,7
56,2022-02-27 23:00,2022-02-28 06:00,LONG,1.11504,1.11586,8.2,7.7,MAXHOLD,8
57,2022-03-04 01:00,2022-03-04 08:00,LONG,1.10122,1.10120,-0.2,-0.7,MAXHOLD,8
58,2022-03-17 01:00,2022-03-17 03:00,SHORT,1.10514,1.10349,16.5,16.0,REVERT,3
59,2022-03-22 01:00,2022-03-22 07:00,LONG,1.09864,1.09610,-25.4,-25.9,STOP,7
60,2022-03-25 02:00,2022-03-25 07:00,SHORT,1.10323,1.10231,9.2,8.7,REVERT,6
61,2022-03-28 02:00,2022-03-28 08:00,LONG,1.09540,1.09908,36.8,36.3,REVERT,7
62,2022-04-10 22:00,2022-04-10 23:00,SHORT,1.09087,1.08841,24.6,24.1,REVERT,2
63,2022-04-17 23:00,2022-04-17 23:00,SHORT,1.08204,1.08139,6.5,6.0,REVERT,1
64,2022-04-18 04:00,2022-04-18 08:00,LONG,1.07930,1.07839,-9.1,-9.6,STOP,5
65,2022-04-20 04:00,2022-04-20 07:00,SHORT,1.08187,1.08091,9.6,9.1,REVERT,4
66,2022-04-29 06:00,2022-04-29 07:00,SHORT,1.05370,1.05540,-17.0,-17.5,STOP,2
67,2022-05-04 22:00,2022-05-05 03:00,SHORT,1.06236,1.06176,6.0,5.5,REVERT,6
68,2022-05-09 03:00,2022-05-09 09:00,LONG,1.05066,1.05279,21.3,20.8,REVERT,7
69,2022-05-27 02:00,2022-05-27 06:00,SHORT,1.07625,1.07396,22.9,22.4,REVERT,5
70,2022-06-15 06:00,2022-06-15 06:00,SHORT,1.04638,1.04858,-22.0,-22.5,STOP,1
71,2022-06-22 02:00,2022-06-22 07:00,LONG,1.05074,1.04812,-26.2,-26.7,STOP,6
72,2022-07-07 06:00,2022-07-07 06:00,SHORT,1.02182,1.02004,17.8,17.3,REVERT,1
73,2022-09-04 22:00,2022-09-05 05:00,LONG,0.99224,0.98830,-39.4,-39.9,STOP,8
74,2022-09-06 01:00,2022-09-06 03:00,SHORT,0.99682,0.99440,24.2,23.7,REVERT,3
75,2022-09-09 01:00,2022-09-09 03:00,SHORT,1.00439,1.00750,-31.1,-31.6,STOP,3
76,2022-09-09 04:00,2022-09-09 10:00,SHORT,1.00692,1.00737,-4.5,-5.0,REVERT,7
77,2022-09-26 01:00,2022-09-26 02:00,LONG,0.95694,0.96590,89.6,89.1,REVERT,2
78,2022-09-28 02:00,2022-09-28 07:00,LONG,0.95593,0.95774,18.1,17.6,REVERT,6
79,2022-10-11 04:00,2022-10-11 06:00,LONG,0.96819,0.96904,8.5,8.0,REVERT,3
80,2022-11-02 22:00,2022-11-03 01:00,LONG,0.98149,0.98309,16.0,15.5,REVERT,4
81,2022-11-04 05:00,2022-11-04 07:00,SHORT,0.97863,0.97637,22.6,22.1,REVERT,3
82,2022-11-21 03:00,2022-11-21 07:00,LONG,1.02883,1.02521,-36.2,-36.7,STOP,5
83,2022-11-22 03:00,2022-11-22 05:00,SHORT,1.02645,1.02532,11.3,10.8,REVERT,3
84,2022-11-28 02:00,2022-11-28 06:00,LONG,1.03480,1.03714,23.4,22.9,REVERT,5
85,2022-12-12 01:00,2022-12-12 06:00,LONG,1.05134,1.05224,9.0,8.5,REVERT,6
86,2022-12-18 22:00,2022-12-19 00:00,LONG,1.05895,1.05992,9.7,9.2,REVERT,3
87,2022-12-22 04:00,2022-12-22 08:00,SHORT,1.06431,1.06361,7.0,6.5,REVERT,5
88,2022-12-26 05:00,2022-12-26 08:00,SHORT,1.06264,1.06197,6.7,6.2,REVERT,4
89,2022-12-26 22:00,2022-12-26 23:00,SHORT,1.06360,1.06426,-6.6,-7.1,STOP,2
90,2022-12-27 00:00,2022-12-27 01:00,SHORT,1.06398,1.06471,-7.3,-7.8,STOP,2
91,2022-12-27 02:00,2022-12-27 03:00,SHORT,1.06518,1.06399,11.9,11.4,REVERT,2
92,2022-12-27 06:00,2022-12-27 07:00,SHORT,1.06553,1.06452,10.1,9.6,REVERT,2
93,2023-01-16 02:00,2023-01-16 06:00,SHORT,1.08677,1.08392,28.5,28.0,REVERT,5
94,2023-01-22 23:00,2023-01-23 00:00,SHORT,1.08651,1.08863,-21.2,-21.7,STOP,2
95,2023-01-23 01:00,2023-01-23 07:00,SHORT,1.08846,1.09121,-27.5,-28.0,STOP,7
96,2023-02-01 22:00,2023-02-02 05:00,SHORT,1.09883,1.10199,-31.6,-32.1,MAXHOLD,8
97,2023-02-21 03:00,2023-02-21 05:00,LONG,1.06633,1.06735,10.2,9.7,REVERT,3
98,2023-03-06 03:00,2023-03-06 08:00,SHORT,1.06454,1.06415,3.9,3.4,REVERT,6
99,2023-03-10 01:00,2023-03-10 05:00,SHORT,1.05985,1.05865,12.0,11.5,REVERT,5
100,2023-03-15 03:00,2023-03-15 05:00,SHORT,1.07559,1.07380,17.9,17.4,REVERT,3
101,2023-03-17 04:00,2023-03-17 06:00,SHORT,1.06402,1.06578,-17.6,-18.1,STOP,3
102,2023-04-02 23:00,2023-04-03 06:00,LONG,1.08192,1.08146,-4.6,-5.1,REVERT,8
103,2023-04-12 06:00,2023-04-12 08:00,SHORT,1.09354,1.09237,11.7,11.2,REVERT,3
104,2023-05-04 02:00,2023-05-04 06:00,SHORT,1.10816,1.10753,6.3,5.8,REVERT,5
105,2023-05-30 06:00,2023-05-30 07:00,LONG,1.06859,1.06753,-10.6,-11.1,STOP,2
106,2023-05-31 04:00,2023-05-31 06:00,LONG,1.06977,1.06805,-17.2,-17.7,STOP,3
107,2023-06-14 06:00,2023-06-14 07:00,LONG,1.07763,1.07896,13.3,12.8,REVERT,2
108,2023-06-27 02:00,2023-06-27 05:00,SHORT,1.09240,1.09177,6.3,5.8,REVERT,4
109,2023-07-12 03:00,2023-07-12 06:00,SHORT,1.10312,1.10227,8.5,8.0,REVERT,4
110,2023-07-18 04:00,2023-07-18 07:00,SHORT,1.12539,1.12641,-10.2,-10.7,STOP,4
111,2023-07-26 06:00,2023-07-26 06:00,SHORT,1.10619,1.10706,-8.7,-9.2,STOP,1
112,2023-08-01 22:00,2023-08-02 00:00,SHORT,1.10180,1.09961,21.9,21.4,REVERT,3
113,2023-08-09 06:00,2023-08-09 11:00,SHORT,1.09765,1.09698,6.7,6.2,REVERT,6
114,2023-08-10 06:00,2023-08-10 06:00,SHORT,1.09850,1.09908,-5.8,-6.3,STOP,1
115,2023-08-22 04:00,2023-08-22 05:00,SHORT,1.09149,1.09055,9.4,8.9,REVERT,2
116,2023-08-28 23:00,2023-08-29 01:00,SHORT,1.08256,1.08342,-8.6,-9.1,STOP,3
117,2023-08-29 02:00,2023-08-29 04:00,SHORT,1.08348,1.08242,10.6,10.1,REVERT,3
118,2023-09-08 06:00,2023-09-08 07:00,SHORT,1.07238,1.07086,15.2,14.7,REVERT,2
119,2023-09-11 05:00,2023-09-11 07:00,SHORT,1.07353,1.07258,9.5,9.0,REVERT,3
120,2023-09-12 22:00,2023-09-13 02:00,SHORT,1.07590,1.07465,12.5,12.0,REVERT,5
121,2023-09-21 01:00,2023-09-21 06:00,LONG,1.06312,1.06503,19.1,18.6,REVERT,6
122,2023-10-23 03:00,2023-10-23 06:00,LONG,1.05735,1.05824,8.9,8.4,REVERT,4
123,2023-10-26 03:00,2023-10-26 10:00,LONG,1.05452,1.05372,-8.0,-8.5,MAXHOLD,8
124,2023-11-02 01:00,2023-11-02 08:00,SHORT,1.06018,1.06003,1.5,1.0,REVERT,8
125,2023-11-06 22:00,2023-11-07 05:00,LONG,1.07168,1.07104,-6.4,-6.9,MAXHOLD,8
126,2023-11-21 03:00,2023-11-21 07:00,SHORT,1.09601,1.09538,6.3,5.8,REVERT,5
127,2023-12-06 22:00,2023-12-07 05:00,LONG,1.07631,1.07616,-1.5,-2.0,MAXHOLD,8
128,2023-12-13 22:00,2023-12-14 05:00,SHORT,1.08728,1.08938,-21.0,-21.5,REVERT,8
